category,product_name,total_orders,total_revenue_usd,avg_price,avg_rating,return_rate,avg_discount_pct,avg_delivery_days,SKU
Automotive,Air Freshener,87,10543.38,73.61,3.95,7,4.54,4.66,AUTOMOTIVE-001
Automotive,Car Phone Mount,86,10950.18,73.82,3.99,12,5.76,4.08,AUTOMOTIVE-002
Automotive,Car Vacuum Cleaner,73,8588.32,71.15,4.11,7,7.53,4.38,AUTOMOTIVE-003
Automotive,Dashcam 4K,79,9402.79,68.25,4.06,6,4.18,4.2,AUTOMOTIVE-004
Automotive,Jump Starter Pack,68,8338.79,78.06,4,10,4.63,4.03,AUTOMOTIVE-005
Automotive,Seat Covers Universal,67,8436.91,65.08,3.92,9,4.4,4.24,AUTOMOTIVE-006
Automotive,Steering Wheel Cover,73,8197.79,64.02,3.97,11,7.47,4.11,AUTOMOTIVE-007
Automotive,Tire Inflator,64,7845.98,66.38,4.11,8,5.55,4.16,AUTOMOTIVE-008
Automotive,USB Car Charger,69,8572.56,70.09,4.02,7,5.36,4.29,AUTOMOTIVE-009
Automotive,Windshield Cleaner,54,7873.24,71.74,3.99,9,4.07,3.94,AUTOMOTIVE-010
Beauty & Personal Care,Electric Toothbrush,148,9800.96,32.39,4.02,11,5.27,4.17,BEAUTY-001
Beauty & Personal Care,Face Wash Gel,178,11015.82,31.36,3.91,10,4.35,4.07,BEAUTY-002
Beauty & Personal Care,Hair Dryer Pro,155,10357.94,33.95,4.02,7,4.74,4.62,BEAUTY-003
Beauty & Personal Care,Hyaluronic Acid Moisturizer,172,10072.78,31.92,3.95,7,6.25,3.7,BEAUTY-004
Beauty & Personal Care,Lip Balm Set,157,9129.76,30.45,4.08,9,5.7,4,BEAUTY-005
Beauty & Personal Care,Nail Kit,141,7194.81,30.44,4.05,6,5.92,4.16,BEAUTY-006
Beauty & Personal Care,Perfume Floral,156,9236.07,31.73,3.99,8,5.13,4.15,BEAUTY-007
Beauty & Personal Care,Shampoo Argan Oil,169,10339.54,32.9,4,8,6.01,4.23,BEAUTY-008
Beauty & Personal Care,Sunscreen SPF50,157,9068.98,29.83,3.98,6,4.68,3.88,BEAUTY-009
Beauty & Personal Care,Vitamin C Serum,167,10258.88,32.26,3.96,9,5.9,3.86,BEAUTY-010
Books,Atomic Habits,179,8414.57,25.25,3.95,9,6.48,4.06,BOOKS-001
Books,Clean Code,178,8112.6,26.19,3.94,6,6.32,4.15,BOOKS-002
Books,Deep Work,189,8837.01,26.02,3.97,6,5.69,4.2,BOOKS-003
Books,Python Crash Course,193,9076.18,25.1,4.07,10,5.31,4.04,BOOKS-004
Books,System Design Interview,178,9714.21,27.19,4.02,7,5.59,4.25,BOOKS-005
Books,The Alchemist,188,9243.91,25.58,4,6,5.19,3.99,BOOKS-006
Books,The Lean Startup,163,8241.57,26.26,4.09,10,6.32,4.86,BOOKS-007
Books,The Pragmatic Programmer,178,8396.55,25.02,4.02,6,5.25,3.69,BOOKS-008
Books,Thinking Fast and Slow,203,10273.38,27.19,4.01,10,5.25,4.49,BOOKS-009
Books,Zero to One,199,10018.09,24.92,3.98,15,5.83,4.17,BOOKS-010
Clothing & Apparel,Casual Sneakers,347,38190.18,62.08,3.9,8,6.18,4.12,CLOTHING-001
Clothing & Apparel,Classic White Tee,395,45309.64,61.24,4.03,7,5.41,4.32,CLOTHING-002
Clothing & Apparel,Formal Dress Shirt,388,44926.5,63.48,4.02,7,6.88,4.17,CLOTHING-003
Clothing & Apparel,Hoodie Pullover,357,39357.54,58.39,4.04,10,6.65,4.3,CLOTHING-004
Clothing & Apparel,Leather Belt,377,41344.3,62.23,4.06,7,5.54,4.26,CLOTHING-005
Clothing & Apparel,Running Shoes,379,39912.65,59.41,4.02,8,5.49,4.2,CLOTHING-006
Clothing & Apparel,Slim Fit Jeans,384,44074.6,60.28,3.98,9,5.69,4.07,CLOTHING-007
Clothing & Apparel,Sports Socks 6-Pack,389,45603.36,60.77,4.06,7,5.44,4.22,CLOTHING-008
Clothing & Apparel,Winter Jacket,376,44997.8,59.53,4.06,8,5.09,4.47,CLOTHING-009
Clothing & Apparel,Yoga Pants,356,40466.25,59.74,4.04,6,5.83,3.98,CLOTHING-010
Electronics,Bluetooth Speaker,409,105491.08,140.99,4.03,9,5.28,4.07,ELECTRONICS-001
Electronics,Gaming Mouse RGB,430,103015.45,138.95,3.99,10,4.94,4.23,ELECTRONICS-002
Electronics,LED Desk Lamp,409,100458.36,135.44,4.01,8,5.48,4.18,ELECTRONICS-003
Electronics,Mechanical Keyboard,411,105529.52,134.71,3.93,8,5.44,4.26,ELECTRONICS-004
Electronics,Portable Charger 20000mAh,466,124113.88,141.33,3.96,7,6.13,4.34,ELECTRONICS-005
Electronics,Smart Plug 4-Pack,448,107178.44,135.76,3.93,9,5.92,4.12,ELECTRONICS-006
Electronics,Smart Watch Series 5,423,110620.64,135.64,3.99,10,5.73,4.09,ELECTRONICS-007
Electronics,USB-C Hub,416,107686.96,143.34,4.02,8,4.95,4.12,ELECTRONICS-008
Electronics,Webcam 4K,420,108639.64,138.99,4.05,8,5.9,4.1,ELECTRONICS-009
Electronics,Wireless Earbuds Pro,424,109841.15,139.27,3.94,8,5.34,4.19,ELECTRONICS-010
Food & Grocery,Coffee Beans 1kg,153,5997.59,20.88,3.96,10,4.28,4.15,FOOD-001
Food & Grocery,Dark Chocolate 85%,137,5401.08,20.34,4.03,13,6.17,4.16,FOOD-002
Food & Grocery,Energy Bars 12-Pack,125,4754.22,20.25,3.94,7,5.48,4.5,FOOD-003
Food & Grocery,Honey Raw Organic,134,5209.91,20,4.01,7,5.6,4.16,FOOD-004
Food & Grocery,Matcha Powder,144,6437.75,22.11,3.95,9,5.45,4.14,FOOD-005
Food & Grocery,Mixed Nuts 500g,124,4891.58,20.45,4.18,8,6.37,4.14,FOOD-006
Food & Grocery,Olive Oil Extra Virgin,144,5616.01,20.69,3.98,12,6.11,4.28,FOOD-007
Food & Grocery,Organic Green Tea,151,6054.67,20.96,4.06,11,5.66,3.97,FOOD-008
Food & Grocery,Protein Powder Vanilla,145,6028.57,21.07,3.95,5,5.1,4.22,FOOD-009
Food & Grocery,Quinoa 2kg,136,5273.71,21.1,4.11,8,5.26,4.05,FOOD-010
Health & Wellness,Ashwagandha Extract,131,6330.53,25.04,4.05,12,5.57,4.21,HEALTH-001
Health & Wellness,CBD Gummies,119,5648.25,26.18,3.97,3,7.02,4.12,HEALTH-002
Health & Wellness,Collagen Peptides,122,6583.03,26.53,4.06,7,6.76,4.28,HEALTH-003
Health & Wellness,Magnesium Glycinate,98,4457.61,25.46,3.99,6,6.48,4.09,HEALTH-004
Health & Wellness,Melatonin 5mg,99,4123.83,25.61,4.1,7,6.21,3.92,HEALTH-005
Health & Wellness,Multivitamin Daily,107,5585.7,25.07,4.01,13,5.05,4.27,HEALTH-006
Health & Wellness,Omega-3 Fish Oil,113,5735.05,26.22,4.05,9,5.4,3.6,HEALTH-007
Health & Wellness,Probiotics 50B,120,6493.47,26.68,4.12,8,4.38,4.31,HEALTH-008
Health & Wellness,Vitamin D3 5000IU,123,5759.2,25.1,4.09,9,6.42,4.31,HEALTH-009
Health & Wellness,Zinc Lozenges,109,5042.83,25.02,3.81,12,5.23,4.47,HEALTH-010
Home & Kitchen,Air Fryer 5L,293,39583.37,78.09,3.97,7,5.31,4.27,HOME-001
Home & Kitchen,Blender Pro,272,40405.57,78.14,4.1,11,5.28,4.26,HOME-002
Home & Kitchen,Coffee Maker Drip,298,44889.41,81.1,4.07,10,5.44,4.08,HOME-003
Home & Kitchen,Electric Kettle,296,39190.11,78.13,4.09,9,5.79,4.38,HOME-004
Home & Kitchen,Knife Set 8pc,257,36964.52,80.13,4.04,10,5.27,3.85,HOME-005
Home & Kitchen,Mattress Topper,289,43020.57,77.12,3.93,7,6.63,4.02,HOME-006
Home & Kitchen,Non-stick Pan,291,39703.08,75.95,3.97,11,6.15,4.27,HOME-007
Home & Kitchen,Shower Curtain,294,41822.48,80.23,3.99,11,6.05,4.21,HOME-008
Home & Kitchen,Storage Containers,303,41862.75,78.38,3.99,9,5.4,4.11,HOME-009
Home & Kitchen,Wall Clock Modern,294,45707.09,77.29,4.04,9,6.58,4.27,HOME-010
Jewelry & Accessories,Charm Bracelet,80,13220.82,77.76,4.23,9,7.75,4.42,JEWELRY-001
Jewelry & Accessories,Leather Wallet,75,10498.34,73.68,4.05,9,6.6,4.09,JEWELRY-002
Jewelry & Accessories,Minimalist Watch,94,11942.56,79.04,4.03,7,5.8,4.16,JEWELRY-003
Jewelry & Accessories,Phone Case Designer,89,12529.67,81.59,4.05,7,7.25,3.84,JEWELRY-004
Jewelry & Accessories,Ring Set 5pc,101,17197.42,81.66,3.98,9,6.04,4.47,JEWELRY-005
Jewelry & Accessories,Silk Scarf,89,12901.75,78.11,3.71,8,6.07,4.46,JEWELRY-006
Jewelry & Accessories,Sterling Silver Necklace,93,12708.63,76.58,4.03,8,5.97,4.34,JEWELRY-007
Jewelry & Accessories,Stud Earrings Gold,101,16067,83.46,3.88,11,5,4.44,JEWELRY-008
Jewelry & Accessories,Sunglasses UV400,87,13250.56,78.81,3.93,5,7.47,4.62,JEWELRY-009
Jewelry & Accessories,Tote Bag Canvas,102,17344.61,90.1,4.01,11,5.1,3.85,JEWELRY-010
Office Supplies,Desk Organizer,65,11129.12,93.47,4.17,8,6,4.18,OFFICE-001
Office Supplies,Ergonomic Chair,65,12036.73,105.39,4.03,15,3.85,3.97,OFFICE-002
Office Supplies,File Folders 50pk,67,11327.8,97.49,3.72,7,6.57,3.84,OFFICE-003
Office Supplies,Notebook A5,76,13396.25,96.32,3.73,8,6.25,4.22,OFFICE-004
Office Supplies,Pen Set Premium,76,12026.59,83.01,4.05,3,5.53,3.67,OFFICE-005
Office Supplies,Standing Desk Converter,72,13131.86,110.32,3.99,6,5.35,4.11,OFFICE-006
Office Supplies,Stapler Heavy Duty,83,14388.17,92.04,3.8,4,6.39,4.13,OFFICE-007
Office Supplies,Sticky Notes Bulk,75,12803.43,84.7,4.06,15,5.33,4.45,OFFICE-008
Office Supplies,Whiteboard Markers,69,12102.24,98.84,4.03,9,5.22,4.12,OFFICE-009
Office Supplies,Wireless Mouse,84,13616.34,91.25,3.99,12,5.71,4.65,OFFICE-010
Pet Supplies,Bird Cage Deluxe,83,4960.51,33.47,3.95,11,5.3,4.27,PET-001
Pet Supplies,Cat Litter Clumping,61,3231.83,32.22,3.83,7,4.67,4.46,PET-002
Pet Supplies,Chew Toy Set,81,4886.95,32.42,4.02,9,5.99,4.06,PET-003
Pet Supplies,Dog Food Premium 5kg,66,4522.48,34.38,3.92,8,6.82,4.23,PET-004
Pet Supplies,Dog Leash Retractable,69,4212.07,30.25,3.93,13,4.35,4.23,PET-005
Pet Supplies,Fish Tank 10L,69,4798.2,32.95,4,7,5.94,3.9,PET-006
Pet Supplies,Flea Collar,86,5601.57,32.14,3.99,8,6.16,4,PET-007
Pet Supplies,Interactive Cat Toy,69,3585.91,30.37,3.99,14,4.2,4.72,PET-008
Pet Supplies,Pet Carrier Soft,64,3435.74,33.27,3.83,9,3.98,4.86,PET-009
Pet Supplies,Pet Shampoo Natural,62,3689.58,32.46,3.6,13,4.19,4.11,PET-010
Sports & Outdoors,Cycling Gloves,158,12036.86,45.05,4.17,11,6.52,4.23,SPORTS-001
Sports & Outdoors,Dumbbell Set 20kg,165,17252.42,51.72,3.97,6,5.61,4.24,SPORTS-002
Sports & Outdoors,Foam Roller,164,14364.23,51.35,3.86,10,5.98,4.61,SPORTS-003
Sports & Outdoors,Hiking Backpack,171,15495.98,48.65,4.03,9,4.77,4.06,SPORTS-004
Sports & Outdoors,Jump Rope Speed,164,16132.2,49.28,3.97,7,4.05,4.25,SPORTS-005
Sports & Outdoors,Pull-up Bar,146,12160.23,47.29,3.94,10,4.38,4.12,SPORTS-006
Sports & Outdoors,Resistance Bands Set,177,14944.96,44.44,4,7,5.2,4.12,SPORTS-007
Sports & Outdoors,Tennis Racket,166,15726.21,50.57,4.12,7,5.66,4.39,SPORTS-008
Sports & Outdoors,Water Bottle 1L,179,16031.93,45.02,4.01,8,4.5,4.04,SPORTS-009
Sports & Outdoors,Yoga Mat Non-slip,184,18170.84,47.63,3.83,7,4.95,3.91,SPORTS-010
Toys & Games,Action Figure Set,149,11069.7,41.3,4.03,5,5.81,3.91,TOYS-001
Toys & Games,Art Supply Kit,141,10281.37,39.59,4.07,13,4.82,4.54,TOYS-002
Toys & Games,Board Game Strategy,156,10163.37,37.52,3.98,10,6.38,4.03,TOYS-003
Toys & Games,Card Game Party,144,12879.79,43.62,4.14,9,4.27,4.38,TOYS-004
Toys & Games,Educational Tablet,140,11051.22,43.32,4.07,9,6.07,3.81,TOYS-005
Toys & Games,LEGO City Set,119,8199.64,41.22,4.06,10,5.55,4.31,TOYS-006
Toys & Games,Outdoor Frisbee,159,12873.72,42.44,4.1,9,6.73,3.97,TOYS-007
Toys & Games,Puzzle 1000pc,155,11734.71,40.54,3.97,6,5.77,4.27,TOYS-008
Toys & Games,Remote Control Car,154,11772.91,42.06,4.07,11,5.71,4.59,TOYS-009
Toys & Games,Stuffed Animal Bear,123,8728.62,41.19,3.91,7,5.85,4.11,TOYS-010
Travel & Luggage,Compression Socks,47,9258.98,104.24,4.16,9,5.11,3.62,TRAVEL-001
Travel & Luggage,Eye Mask Sleep,38,6646.17,98.38,4.16,8,4.08,3.92,TRAVEL-002
Travel & Luggage,"Hardshell Luggage 24""",52,10019.31,103.55,4.01,10,4.52,4,TRAVEL-003
Travel & Luggage,Money Belt,46,8629.42,100.35,4.21,17,4.67,4.09,TRAVEL-004
Travel & Luggage,Packing Cubes 6-Set,51,7264.39,88.31,4.03,10,6.57,4.53,TRAVEL-005
Travel & Luggage,Passport Holder RFID,65,10366.23,89.34,4.03,8,3.31,3.82,TRAVEL-006
Travel & Luggage,Portable Scale,50,7354.59,92.78,3.82,16,5,4.12,TRAVEL-007
Travel & Luggage,Toiletry Bag,52,9863.07,101.59,4.08,8,6.54,3.96,TRAVEL-008
Travel & Luggage,Travel Adapter Universal,42,6818.82,88.5,4.06,7,6.43,3.43,TRAVEL-009
Travel & Luggage,Travel Pillow Memory Foam,41,8272.76,103.51,3.77,7,5.98,3.73,TRAVEL-010
